User_Name,BS_X,BS_Y
BS1,4689.306345913991,3030.44481520671
BS2,2821.9951883588233,3076.306439932046
BS3,1188.7808163808272,4905.748004064508
BS4,2702.8035956732756,477.4836013780248
BS5,4943.464622794651,1245.832205196073
BS6,1155.6914926773725,1389.66777551915
BS7,664.8453389203169,3885.8526664660503
BS8,1124.682665447745,2864.563998470159
